entry	name	namespace	is_thunk	calling_convention	parameter_count	return_type
00401000	FUN_00401000	Global	false	__cdecl	1	undefined4
00401036	FUN_00401036	Global	false	__cdecl	1	undefined4
00401078	FUN_00401078	Global	false	__cdecl	1	undefined4
004010ba	FUN_004010ba	Global	false	__cdecl	2	char *
00401133	FUN_00401133	Global	false	__stdcall	4	LRESULT
0040117c	FUN_0040117c	Global	false	__cdecl	1	undefined
0040133c	FUN_0040133c	Global	false	__cdecl	3	undefined
004013e5	FUN_004013e5	Global	false	__cdecl	2	undefined4
00401445	FUN_00401445	Global	false	__stdcall	0	undefined
0040145f	FUN_0040145f	Global	false	__stdcall	3	WPARAM
004016d2	FUN_004016d2	Global	false	__stdcall	4	LRESULT
00409747	FUN_00409747	Global	false	__stdcall	4	undefined4
00409b22	FUN_00409b22	Global	false	__cdecl	1	undefined
0040a1fb	FUN_0040a1fb	Global	false	__cdecl	1	undefined
0040a274	FUN_0040a274	Global	false	__cdecl	2	undefined
0040ad29	FUN_0040ad29	Global	false	__stdcall	4	undefined4
0040ad72	FUN_0040ad72	Global	false	__stdcall	4	undefined4
0040adb4	FUN_0040adb4	Global	false	__stdcall	4	undefined4
0040adf6	FUN_0040adf6	Global	false	__stdcall	4	undefined4
0040ae38	FUN_0040ae38	Global	false	__stdcall	4	undefined4
0040ae7a	FUN_0040ae7a	Global	false	__stdcall	4	undefined4
0040aebc	FUN_0040aebc	Global	false	__stdcall	4	undefined4
0040aefe	FUN_0040aefe	Global	false	__stdcall	3	undefined
0040af1b	FUN_0040af1b	Global	false	__stdcall	2	undefined
0040af38	FUN_0040af38	Global	false	__stdcall	0	undefined
0040af4f	FUN_0040af4f	Global	false	__stdcall	3	undefined
0040af6c	FUN_0040af6c	Global	false	__stdcall	3	undefined
0040af89	FUN_0040af89	Global	false	__stdcall	4	undefined
0040afa6	FUN_0040afa6	Global	false	__stdcall	4	undefined
0040afc3	FUN_0040afc3	Global	false	__stdcall	4	LRESULT
0040b004	FUN_0040b004	Global	false	__stdcall	4	LRESULT
0040b055	FUN_0040b055	Global	false	__stdcall	3	undefined4
0040b12d	FUN_0040b12d	Global	false	__stdcall	4	LRESULT
0040b2da	FUN_0040b2da	Global	false	__stdcall	4	LRESULT
0040b34e	FUN_0040b34e	Global	false	__stdcall	4	LRESULT
0040b3c2	FUN_0040b3c2	Global	false	__stdcall	4	LRESULT
0040b41f	FUN_0040b41f	Global	false	__stdcall	4	LRESULT
0040b493	FUN_0040b493	Global	false	__cdecl	1	undefined4
0040b4ed	FUN_0040b4ed	Global	false	__stdcall	0	undefined4
0040b628	FUN_0040b628	Global	false	__stdcall	0	undefined4
0040b784	FUN_0040b784	Global	false	__cdecl	1	bool
0040b86b	FUN_0040b86b	Global	false	__thiscall	2	void *
0040b894	FUN_0040b894	Global	false	__cdecl	1	int
0040b8f0	FUN_0040b8f0	Global	false	__cdecl	1	int
0040b947	FUN_0040b947	Global	false	__stdcall	4	undefined4
0040ba7d	FUN_0040ba7d	Global	false	__stdcall	4	undefined4
0040bd02	FUN_0040bd02	Global	false	__stdcall	3	undefined4
0040bdc3	FUN_0040bdc3	Global	false	__cdecl	1	undefined
0040bde7	FUN_0040bde7	Global	false	__cdecl	1	undefined
0040be0b	FUN_0040be0b	Global	false	__stdcall	0	int
0040be9e	FUN_0040be9e	Global	false	__cdecl	1	int
0040bfb7	FUN_0040bfb7	Global	false	__stdcall	4	undefined4
0040c130	FUN_0040c130	Global	false	__cdecl	1	undefined
0040c196	FUN_0040c196	Global	false	__cdecl	1	undefined
0040c55b	FUN_0040c55b	Global	false	__cdecl	1	undefined4
0040c7c0	FUN_0040c7c0	Global	false	__cdecl	1	undefined4
0040c9df	FUN_0040c9df	Global	false	__cdecl	3	undefined
0040ca01	FUN_0040ca01	Global	false	__cdecl	3	undefined
0040ca22	FUN_0040ca22	Global	false	__stdcall	3	undefined4
0040cabd	FUN_0040cabd	Global	false	__stdcall	4	undefined4
0040cd0c	FUN_0040cd0c	Global	false	__cdecl	2	HWND
0040cf1c	FUN_0040cf1c	Global	false	__stdcall	0	undefined
0040d2b9	FUN_0040d2b9	Global	false	__cdecl	2	undefined
0040d301	FUN_0040d301	Global	false	__cdecl	1	char *
0040d341	FUN_0040d341	Global	false	__cdecl	2	undefined4
0040daaf	FUN_0040daaf	Global	false	__cdecl	1	undefined
0040daf0	FUN_0040daf0	Global	false	__cdecl	1	undefined4
0040dc71	FUN_0040dc71	Global	false	__cdecl	1	undefined4
0040dd2e	FUN_0040dd2e	Global	false	__cdecl	1	undefined4
0040e0b2	FUN_0040e0b2	Global	false	__stdcall	3	undefined4
0040e14c	FUN_0040e14c	Global	false	__stdcall	3	undefined4
0040e1e6	FUN_0040e1e6	Global	false	__cdecl	2	undefined4
0040e3cf	FUN_0040e3cf	Global	false	__stdcall	3	undefined4
0040e469	FUN_0040e469	Global	false	__stdcall	4	undefined4
0040e68a	FUN_0040e68a	Global	false	__cdecl	1	undefined4
0040e77d	FUN_0040e77d	Global	false	__stdcall	0	undefined
0040e7da	FUN_0040e7da	Global	false	__cdecl	2	undefined4
0040e905	FUN_0040e905	Global	false	__fastcall	1	int
0040e929	FUN_0040e929	Global	false	__thiscall	3	bool
0040eb81	FUN_0040eb81	Global	false	__thiscall	2	undefined4
0040f186	FUN_0040f186	Global	false	__thiscall	2	LRESULT
0040f234	FUN_0040f234	Global	false	__thiscall	3	undefined4
0040f300	FUN_0040f300	Global	false	__thiscall	2	undefined
0040f38f	FUN_0040f38f	Global	false	__thiscall	2	undefined4
0040fa6b	FUN_0040fa6b	Global	false	__thiscall	2	undefined4
0040fb46	FUN_0040fb46	Global	false	__thiscall	3	undefined4
0040fbca	FUN_0040fbca	Global	false	__fastcall	1	undefined4
0040fbd9	FUN_0040fbd9	Global	false	__fastcall	1	bool
0040fbf0	FUN_0040fbf0	Global	false	__fastcall	1	uint *
0040fc88	FUN_0040fc88	Global	false	__fastcall	1	undefined
0040fcac	FUN_0040fcac	Global	false	__thiscall	3	bool
004102f4	FUN_004102f4	Global	false	__thiscall	4	bool
004103b5	FUN_004103b5	Global	false	__thiscall	4	bool
00410476	FUN_00410476	Global	false	__thiscall	4	bool
00410538	FUN_00410538	Global	false	__thiscall	4	bool
004105fb	FUN_004105fb	Global	false	__thiscall	4	bool
004106be	FUN_004106be	Global	false	__thiscall	4	bool
00410780	FUN_00410780	Global	false	__thiscall	4	undefined4
00410a47	FUN_00410a47	Global	false	__stdcall	3	undefined4
004110a2	FUN_004110a2	Global	false	__stdcall	3	undefined4
004116b2	FUN_004116b2	Global	false	__stdcall	3	undefined4
00411871	FUN_00411871	Global	false	__stdcall	2	int
00411caa	FUN_00411caa	Global	false	__stdcall	3	int
00411dfc	FUN_00411dfc	Global	false	__stdcall	3	undefined4
00411f69	FUN_00411f69	Global	false	__stdcall	2	undefined
00412219	FUN_00412219	Global	false	__stdcall	3	undefined4
00412923	FUN_00412923	Global	false	__stdcall	0	undefined4
0041338b	FUN_0041338b	Global	false	__thiscall	2	void *
004133f5	FUN_004133f5	Global	false	__thiscall	6	undefined4
00413c2e	FUN_00413c2e	Global	false	__thiscall	4	undefined
00413e13	FUN_00413e13	Global	false	__thiscall	4	undefined
00413fc6	FUN_00413fc6	Global	false	__thiscall	2	undefined4
00414024	FUN_00414024	Global	false	__thiscall	3	int
00414543	FUN_00414543	Global	false	__thiscall	2	undefined4
00414592	FUN_00414592	Global	false	__thiscall	3	int
00414ab1	FUN_00414ab1	Global	false	__thiscall	3	undefined4
00414f40	FUN_00414f40	Global	false	__thiscall	2	int
0041509f	FUN_0041509f	Global	false	__thiscall	2	undefined4
004151da	FUN_004151da	Global	false	__thiscall	2	undefined4
00415364	FUN_00415364	Global	false	__fastcall	1	undefined4
00415663	FUN_00415663	Global	false	__fastcall	1	undefined4
00415864	FUN_00415864	Global	false	__stdcall	2	undefined
004158aa	FUN_004158aa	Global	false	__fastcall	1	undefined4
00415979	FUN_00415979	Global	false	__stdcall	2	char *
004159f6	FUN_004159f6	Global	false	__fastcall	1	undefined4
00415a02	FUN_00415a02	Global	false	__thiscall	2	undefined
00415d83	FUN_00415d83	Global	false	__fastcall	1	int
00415d99	FUN_00415d99	Global	false	__fastcall	1	undefined
00415dbd	FUN_00415dbd	Global	false	__thiscall	3	undefined
00415dd9	FUN_00415dd9	Global	false	__thiscall	4	undefined4
004160ec	FUN_004160ec	Global	false	__fastcall	1	undefined4
00416134	FUN_00416134	Global	false	__fastcall	1	undefined4
004161ea	FUN_004161ea	Global	false	__thiscall	2	undefined4
00416425	FUN_00416425	Global	false	__stdcall	3	undefined4
004164b1	FUN_004164b1	Global	false	__thiscall	4	undefined4
0041681b	FUN_0041681b	Global	false	__thiscall	2	undefined4
00416a26	FUN_00416a26	Global	false	__thiscall	6	int
00416ff2	FUN_00416ff2	Global	false	__stdcall	4	undefined4
004170c1	FUN_004170c1	Global	false	__thiscall	5	undefined4
004175ae	FUN_004175ae	Global	false	__thiscall	3	bool
004175df	FUN_004175df	Global	false	__fastcall	1	int
0041770d	FUN_0041770d	Global	false	__fastcall	1	undefined
00417769	FUN_00417769	Global	false	__thiscall	3	int
00417a75	FUN_00417a75	Global	false	__fastcall	1	int
00417acd	FUN_00417acd	Global	false	__thiscall	4	undefined4
00417c56	FUN_00417c56	Global	false	__fastcall	1	undefined
00417cde	FUN_00417cde	Global	false	__fastcall	1	undefined
00417d61	FUN_00417d61	Global	false	__thiscall	2	undefined4
00418362	FUN_00418362	Global	false	__thiscall	5	undefined4
004194bc	FUN_004194bc	Global	false	__thiscall	2	undefined4
004195f3	FUN_004195f3	Global	false	__thiscall	2	undefined4
004198c3	FUN_004198c3	Global	false	__thiscall	3	undefined4
00419da2	FUN_00419da2	Global	false	__thiscall	2	undefined4
0041a18a	FUN_0041a18a	Global	false	__stdcall	2	undefined
0041a230	FUN_0041a230	Global	false	__thiscall	2	undefined
0041a255	FUN_0041a255	Global	false	__thiscall	2	undefined
0041a2d5	FUN_0041a2d5	Global	false	__fastcall	1	undefined
0041a2e8	FUN_0041a2e8	Global	false	__fastcall	1	undefined
0041a306	FUN_0041a306	Global	false	__thiscall	2	bool
0041a338	FUN_0041a338	Global	false	__thiscall	2	undefined4
0041a350	FUN_0041a350	Global	false	__fastcall	1	undefined
0041a38c	FUN_0041a38c	Global	false	__fastcall	1	int
0041a41f	FUN_0041a41f	Global	false	__thiscall	3	undefined
0041a43b	FUN_0041a43b	Global	false	__fastcall	1	undefined4
0041a5b2	FUN_0041a5b2	Global	false	__fastcall	1	bool
0041a687	FUN_0041a687	Global	false	__thiscall	2	undefined4
0041ac36	FUN_0041ac36	Global	false	__fastcall	1	undefined4
0041b260	FUN_0041b260	Global	false	__fastcall	1	undefined4
0041c423	FUN_0041c423	Global	false	__stdcall	4	uint
0041c581	FUN_0041c581	Global	false	__thiscall	4	undefined4
0041c6a8	FUN_0041c6a8	Global	false	__thiscall	3	undefined4
0041c712	FUN_0041c712	Global	false	__fastcall	1	bool
0041c785	FUN_0041c785	Global	false	__stdcall	0	undefined4
0041cbd4	FUN_0041cbd4	Global	false	__stdcall	0	undefined4
0041d5e1	FUN_0041d5e1	Global	false	__stdcall	0	undefined
0041d8f2	FUN_0041d8f2	Global	false	__thiscall	2	void *
0041d91b	FUN_0041d91b	Global	false	__thiscall	2	void *
0041d944	FUN_0041d944	Global	false	__thiscall	2	undefined
0041def5	FUN_0041def5	Global	false	__thiscall	2	undefined
0041df4d	FUN_0041df4d	Global	false	__thiscall	3	undefined
0041dfe3	FUN_0041dfe3	Global	false	__thiscall	4	undefined4
0041e0c1	FUN_0041e0c1	Global	false	__thiscall	4	int
0041e12f	FUN_0041e12f	Global	false	__thiscall	5	int
0041e1a4	FUN_0041e1a4	Global	false	__thiscall	3	undefined4
0041e4dd	FUN_0041e4dd	Global	false	__stdcall	0	int
00420023	FUN_00420023	Global	false	__thiscall	3	int
00420265	FUN_00420265	Global	false	__fastcall	1	int
0042038b	FUN_0042038b	Global	false	__fastcall	1	int
004207ae	FUN_004207ae	Global	false	__fastcall	1	undefined4
0042093b	FUN_0042093b	Global	false	__thiscall	3	int
004209b2	FUN_004209b2	Global	false	__thiscall	3	undefined4
00421093	FUN_00421093	Global	false	__fastcall	1	undefined4
00421516	FUN_00421516	Global	false	__thiscall	2	undefined4
0042166a	FUN_0042166a	Global	false	__thiscall	2	undefined4
004219f6	FUN_004219f6	Global	false	__thiscall	2	undefined
00421aa2	FUN_00421aa2	Global	false	__fastcall	1	undefined
00421b02	FUN_00421b02	Global	false	__thiscall	2	undefined4
00421c38	FUN_00421c38	Global	false	__thiscall	2	undefined4
00421d2a	FUN_00421d2a	Global	false	__thiscall	3	undefined4
00421eb4	FUN_00421eb4	Global	false	__fastcall	1	undefined4
00422090	FUN_00422090	Global	false	__thiscall	4	undefined4
004225c6	FUN_004225c6	Global	false	__fastcall	1	undefined
00422a3c	FUN_00422a3c	Global	false	__fastcall	1	undefined4
004231b6	FUN_004231b6	Global	false	__fastcall	1	undefined4
00423a22	FUN_00423a22	Global	false	__fastcall	1	undefined
0042424d	FUN_0042424d	Global	false	__thiscall	4	undefined4
004242ed	FUN_004242ed	Global	false	__stdcall	2	int
00424322	FUN_00424322	Global	false	__thiscall	2	undefined4
00424347	FUN_00424347	Global	false	__stdcall	0	undefined4
00424b74	FUN_00424b74	Global	false	__fastcall	1	undefined4
00424ceb	FUN_00424ceb	Global	false	__thiscall	2	undefined4
0042564a	FUN_0042564a	Global	false	__thiscall	6	undefined
004258e1	FUN_004258e1	Global	false	__thiscall	4	undefined
00425991	FUN_00425991	Global	false	__fastcall	1	undefined
00425b8e	FUN_00425b8e	Global	false	__thiscall	2	undefined
00425f03	FUN_00425f03	Global	false	__stdcall	5	undefined
00426f50	FUN_00426f50	Global	false	__stdcall	0	undefined
00427686	FUN_00427686	Global	false	__thiscall	7	undefined4
00427c43	FUN_00427c43	Global	false	__stdcall	0	undefined4
004286f7	FUN_004286f7	Global	false	__thiscall	3	undefined
004287c6	FUN_004287c6	Global	false	__thiscall	4	undefined
00428837	FUN_00428837	Global	false	__thiscall	8	undefined4
00428eb1	FUN_00428eb1	Global	false	__thiscall	6	int
00429288	FUN_00429288	Global	false	__thiscall	5	int
0042953c	FUN_0042953c	Global	false	__thiscall	2	undefined
004297b5	FUN_004297b5	Global	false	__fastcall	1	undefined
0042999a	FUN_0042999a	Global	false	__stdcall	0	undefined
00429b01	FUN_00429b01	Global	false	__stdcall	0	undefined
00429fe2	FUN_00429fe2	Global	false	__thiscall	2	int
0042a6d9	FUN_0042a6d9	Global	false	__thiscall	2	undefined4
0042aca7	FUN_0042aca7	Global	false	__thiscall	2	undefined4
0042af77	FUN_0042af77	Global	false	__stdcall	2	undefined
0042b22e	FUN_0042b22e	Global	false	__thiscall	5	LRESULT
0042e896	FUN_0042e896	Global	false	__thiscall	2	undefined4
0042e94c	FUN_0042e94c	Global	false	__fastcall	1	undefined
0042edfd	FUN_0042edfd	Global	false	__thiscall	6	undefined4
0042f2a2	FUN_0042f2a2	Global	false	__stdcall	5	undefined4
0042fa9d	FUN_0042fa9d	Global	false	__thiscall	3	int
0042fb5a	FUN_0042fb5a	Global	false	__thiscall	2	undefined4
0042fcbc	FUN_0042fcbc	Global	false	__stdcall	0	undefined4
00430039	FUN_00430039	Global	false	__fastcall	1	undefined
0043049d	FUN_0043049d	Global	false	__stdcall	6	undefined
004305a5	FUN_004305a5	Global	false	__thiscall	3	undefined4
004306d3	FUN_004306d3	Global	false	__stdcall	0	undefined4
0043147c	FUN_0043147c	Global	false	__thiscall	6	uint
00431666	FUN_00431666	Global	false	__thiscall	7	uint
00431cac	FUN_00431cac	Global	false	__fastcall	1	undefined4
00431d3b	FUN_00431d3b	Global	false	__thiscall	5	undefined4
00431daa	FUN_00431daa	Global	false	__thiscall	6	undefined4
004326bc	FUN_004326bc	Global	false	__thiscall	4	int
00434112	FUN_00434112	Global	false	__fastcall	1	int
00434433	FUN_00434433	Global	false	__fastcall	1	int
004349ff	FUN_004349ff	Global	false	__fastcall	1	undefined
00434e03	FUN_00434e03	Global	false	__fastcall	1	undefined4
0043510c	FUN_0043510c	Global	false	__thiscall	2	undefined4
00435399	FUN_00435399	Global	false	__stdcall	0	undefined4
004358b3	FUN_004358b3	Global	false	__fastcall	1	undefined4
00435ac0	FUN_00435ac0	Global	false	__thiscall	2	undefined
00435e82	FUN_00435e82	Global	false	__thiscall	5	undefined4
004362c1	FUN_004362c1	Global	false	__thiscall	5	undefined4
00436748	FUN_00436748	Global	false	__thiscall	5	undefined4
00436863	FUN_00436863	Global	false	__thiscall	2	undefined4
00436925	FUN_00436925	Global	false	__thiscall	3	undefined4
00436c32	FUN_00436c32	Global	false	__thiscall	4	undefined4
004372d9	FUN_004372d9	Global	false	__stdcall	3	undefined
00437348	FUN_00437348	Global	false	__fastcall	1	undefined
004373f1	FUN_004373f1	Global	false	__thiscall	2	undefined
00437b1f	FUN_00437b1f	Global	false	__thiscall	5	LRESULT
00439133	FUN_00439133	Global	false	__stdcall	0	undefined4
0043961a	FUN_0043961a	Global	false	__stdcall	0	undefined
00439623	FUN_00439623	Global	false	__thiscall	3	bool
004397b2	FUN_004397b2	Global	false	__thiscall	3	undefined4
0043983d	FUN_0043983d	Global	false	__thiscall	2	undefined
004398bb	FUN_004398bb	Global	false	__fastcall	1	undefined
00439908	FUN_00439908	Global	false	__fastcall	1	undefined
0043993e	FUN_0043993e	Global	false	__thiscall	2	undefined
00439974	FUN_00439974	Global	false	__thiscall	2	undefined
00439a35	FUN_00439a35	Global	false	__fastcall	1	undefined
00439aab	FUN_00439aab	Global	false	__fastcall	1	undefined
00439af4	FUN_00439af4	Global	false	__fastcall	1	undefined
00439b85	FUN_00439b85	Global	false	__thiscall	2	undefined
00439c3b	FUN_00439c3b	Global	false	__thiscall	2	undefined
00439c5c	FUN_00439c5c	Global	false	__thiscall	2	undefined
00439c7d	FUN_00439c7d	Global	false	__fastcall	1	undefined4 *
00439cf0	FUN_00439cf0	Global	false	__thiscall	9	undefined4
00439d5a	FUN_00439d5a	Global	false	__thiscall	2	undefined4
00439d71	FUN_00439d71	Global	false	__thiscall	3	undefined
0043a4d3	FUN_0043a4d3	Global	false	__fastcall	1	undefined
0043a5a9	FUN_0043a5a9	Global	false	__thiscall	4	undefined
0043a79e	FUN_0043a79e	Global	false	__thiscall	5	undefined4
0043a7eb	FUN_0043a7eb	Global	false	__thiscall	5	undefined4
0043a8f1	FUN_0043a8f1	Global	false	__thiscall	5	undefined4
0043a9ff	FUN_0043a9ff	Global	false	__thiscall	2	undefined
0043ab21	FUN_0043ab21	Global	false	__fastcall	1	undefined
0043ab51	FUN_0043ab51	Global	false	__fastcall	1	undefined4 *
0043ab65	FUN_0043ab65	Global	false	__fastcall	1	undefined
0043aba6	FUN_0043aba6	Global	false	__fastcall	1	undefined
0043ac51	FUN_0043ac51	Global	false	__thiscall	3	undefined4
0043ae30	FUN_0043ae30	Global	false	__thiscall	6	undefined4
0043af87	FUN_0043af87	Global	false	__thiscall	2	bool
0043b061	FUN_0043b061	Global	false	__thiscall	2	undefined4
0043b10a	FUN_0043b10a	Global	false	__thiscall	3	undefined4
0043b238	FUN_0043b238	Global	false	__thiscall	5	bool
0043b3ae	FUN_0043b3ae	Global	false	__fastcall	1	undefined
0043b7be	FUN_0043b7be	Global	false	__thiscall	4	undefined4
0043b877	FUN_0043b877	Global	false	__fastcall	1	undefined4
0043bad3	FUN_0043bad3	Global	false	__thiscall	2	undefined4
0043bfa3	FUN_0043bfa3	Global	false	__thiscall	3	undefined4
0043c146	FUN_0043c146	Global	false	__thiscall	5	undefined4
0043c34c	FUN_0043c34c	Global	false	__thiscall	2	undefined4
0043c5dc	FUN_0043c5dc	Global	false	__thiscall	2	int
0043c652	FUN_0043c652	Global	false	__thiscall	2	int
0043c6c8	FUN_0043c6c8	Global	false	__thiscall	2	int
0043c740	FUN_0043c740	Global	false	__thiscall	2	int
0043c7b8	FUN_0043c7b8	Global	false	__thiscall	3	int
0043c82b	FUN_0043c82b	Global	false	__thiscall	2	undefined4
0043c8a6	FUN_0043c8a6	Global	false	__thiscall	2	undefined4
0043c96e	FUN_0043c96e	Global	false	__thiscall	2	undefined4
0043ca9b	FUN_0043ca9b	Global	false	__thiscall	4	undefined4
0043cc09	FUN_0043cc09	Global	false	__thiscall	3	undefined4
0043d4ba	FUN_0043d4ba	Global	false	__thiscall	2	undefined
0043d7d3	FUN_0043d7d3	Global	false	__thiscall	2	undefined
0043dc5c	FUN_0043dc5c	Global	false	__thiscall	3	undefined
0043e2f5	FUN_0043e2f5	Global	false	__thiscall	3	undefined4
0043e34a	FUN_0043e34a	Global	false	__fastcall	1	undefined
0043e36f	FUN_0043e36f	Global	false	__stdcall	4	int
0043e408	FUN_0043e408	Global	false	__stdcall	1	bool
0043e470	_memset	Global	false	__cdecl	3	void *
0043e4d0	report_failure	Global	false	__cdecl	0	undefined
0043e501	__security_check_cookie	Global	false	__fastcall	1	void
0043e510	_strlen	Global	false	__cdecl	1	size_t
0043e59b	__fclose_lk	Global	false	__cdecl	1	int
0043e5e7	_fclose	Global	false	__cdecl	1	int
0043e630	FUN_0043e630	Global	false	__stdcall	0	undefined
0043e638	FID_conflict:_fwprintf	Global	false	__cdecl	2	int
0043e68c	FUN_0043e68c	Global	false	__stdcall	0	undefined
0043e696	__fsopen	Global	false	__cdecl	3	FILE *
0043e6e8	FUN_0043e6e8	Global	false	__stdcall	0	undefined
0043e6f2	FUN_0043e6f2	Global	false	__cdecl	2	undefined
0043e705	FID_conflict:__time32	Global	false	__cdecl	1	__time32_t
0043e73e	_realloc	Global	false	__cdecl	2	void *
0043e8a6	FUN_0043e8a6	Global	false	__stdcall	0	undefined
0043e900	_strchr	Global	false	__cdecl	2	char *
0043e9be	__strnicmp	Global	false	__cdecl	3	int
0043ea3d	_rand	Global	false	__cdecl	0	int
0043ea5f	FUN_0043ea5f	Global	false	__stdcall	0	undefined
0043eb3d	__beginthread	Global	false	__cdecl	3	uintptr_t
0043ebd0	FUN_0043ebd0	Global	false	__cdecl	2	uint *
0043ebe0	FUN_0043ebe0	Global	false	__cdecl	2	uint *
0043ecc8	_free	Global	false	__cdecl	1	void
0043ed1b	FUN_0043ed1b	Global	false	__stdcall	0	undefined
0043ed39	FUN_0043ed39	Global	false	__cdecl	2	int
0043ed91	FUN_0043ed91	Global	false	__stdcall	0	undefined
0043ed92	FUN_0043ed92	Global	false	__stdcall	0	undefined
0043edca	FUN_0043edca	Global	false	__stdcall	0	undefined
0043edf0	__chkstk	Global	false	__stdcall	0	undefined
0043ee30	FUN_0043ee30	Global	false	__stdcall	0	ulonglong
0043eea5	_free	Global	true	__cdecl	1	void
0043eeaa	operator_new	Global	false	__cdecl	1	void *
0043eeb8	_JumpToContinuation	Global	false	__stdcall	2	void
0043eee8	FID_conflict:_CallMemberFunction1	Global	false	__stdcall	2	undefined
0043eeef	_UnwindNestedFrames	Global	false	__stdcall	2	void
0043ef41	___CxxFrameHandler	Global	false	__cdecl	4	undefined4
0043ef9b	FUN_0043ef9b	Global	false	__cdecl	3	undefined4
0043f00c	_GetRangeOfTrysToCheck	Global	false	__cdecl	5	_s_TryBlockMapEntry *
0043f086	FUN_0043f086	Global	false	__cdecl	2	undefined4 *
0043f0ae	FUN_0043f0ae	Global	false	__cdecl	1	undefined4
0043f0cf	_FindAndUnlinkFrame	Global	false	__cdecl	1	void
0043f11b	FUN_0043f11b	Global	false	__cdecl	5	undefined4
0043f16c	FUN_0043f16c	Global	false	__cdecl	7	undefined4
0043f21c	__global_unwind2	Global	false	__cdecl	1	undefined
0043f25e	__local_unwind2	Global	false	__cdecl	2	undefined
0043f2c6	__abnormal_termination	Global	false	__cdecl	0	int
0043f2e9	__NLG_Notify1	Global	false	__fastcall	1	undefined
0043f2f2	FUN_0043f2f2	Global	false	__stdcall	0	undefined
0043f30c	FUN_0043f30c	Global	false	__stdcall	0	undefined
0043f32b	_atol	Global	false	__cdecl	1	long
0043f3b3	_atol	Global	true	__cdecl	1	long
0043f3b8	FUN_0043f3b8	Global	false	__cdecl	1	int
0043f3c3	_calloc	Global	false	__cdecl	2	void *
0043f46d	FUN_0043f46d	Global	false	__stdcall	0	undefined
0043f480	_strcmp	Global	false	__cdecl	2	int
0043f510	_strstr	Global	false	__cdecl	2	char *
0043f596	__onexit_lk	Global	false	__stdcall	0	undefined
0043f616	___onexitinit	Global	false	__stdcall	0	undefined4
0043f63e	__onexit	Global	false	__cdecl	1	_onexit_t
0043f670	FUN_0043f670	Global	false	__stdcall	0	undefined
0043f676	_atexit	Global	false	__cdecl	1	int
0043f690	_strncpy	Global	false	__cdecl	3	char *
0043f7b4	__fwrite_lk	Global	false	__cdecl	4	uint
0043f8bb	_fwrite	Global	false	__cdecl	4	size_t
0043f8fd	FUN_0043f8fd	Global	false	__stdcall	0	undefined
0043f907	__stricmp	Global	false	__cdecl	2	int
0043f970	_strrchr	Global	false	__cdecl	2	char *
0043f99d	FUN_0043f99d	Global	false	__cdecl	3	char *
0043fa1b	FUN_0043fa1b	Global	false	__stdcall	0	undefined
0043fa30	_strncat	Global	false	__cdecl	3	char *
0043fb65	__heap_alloc	Global	false	__cdecl	1	void *
0043fbd7	FUN_0043fbd7	Global	false	__stdcall	0	undefined
0043fbe0	__nh_malloc	Global	false	__cdecl	2	void *
0043fc0c	_malloc	Global	false	__cdecl	1	void *
0043fc1e	_free	Global	true	__cdecl	1	void
0043fc23	`eh_vector_constructor_iterator'	Global	false	__stdcall	5	void
0043fc6d	FUN_0043fc6d	Global	false	__stdcall	0	undefined
0043fc85	operator_new	Global	true	__cdecl	1	void *
0043fc8a	__fread_lk	Global	false	__cdecl	4	uint
0043fd73	_fread	Global	false	__cdecl	4	size_t
0043fdb5	FUN_0043fdb5	Global	false	__stdcall	0	undefined
0043fdbf	__ArrayUnwind	Global	false	__stdcall	4	void
0043fe1d	`eh_vector_destructor_iterator'	Global	false	__stdcall	4	void
0043fe65	FUN_0043fe65	Global	false	__stdcall	0	undefined
0043fe7d	FUN_0043fe7d	Global	false	__cdecl	1	char *
0043ff88	_localtime	Global	false	__cdecl	1	tm *
00440110	__allshl	Global	false	__fastcall	2	longlong
0044012f	FUN_0044012f	Global	false	__cdecl	2	uint
004401f0	_strncmp	Global	false	__cdecl	3	int
00440230	_memcpy	Global	false	__cdecl	3	void *
0044056d	_fsetpos	Global	false	__cdecl	2	int
00440585	_fgetpos	Global	false	__cdecl	2	int
004405a7	_isupper	Global	false	__cdecl	1	int
004405e1	_isdigit	Global	false	__cdecl	1	int
0044061b	_isalnum	Global	false	__cdecl	1	int
0044065a	_rewind	Global	false	__cdecl	1	void
004406d9	FUN_004406d9	Global	false	__stdcall	0	undefined
004406e3	FUN_004406e3	Global	false	__thiscall	3	uint
004407ab	FUN_004407ab	Global	false	__cdecl	1	undefined
004407cd	__amsg_exit	Global	false	__cdecl	1	void
004407f2	fast_error_exit	Global	false	__cdecl	1	undefined
00440816	entry	Global	false	__stdcall	0	WPARAM
004409e8	FUN_004409e8	Global	false	__stdcall	0	undefined
00440a3e	FUN_00440a3e	Global	false	__stdcall	1	undefined
00440b88	__SEH_prolog	Global	false	__cdecl	2	undefined
00440bc3	__SEH_epilog	Global	false	__stdcall	0	undefined
00440bd4	FUN_00440bd4	Global	false	__cdecl	1	undefined4
00440c57	__close	Global	false	__cdecl	1	int
00440cce	FUN_00440cce	Global	false	__stdcall	0	undefined
00440cf2	__freebuf	Global	false	__cdecl	1	void
00440d1d	__flush	Global	false	__cdecl	1	int
00440d7a	__fflush_lk	Global	false	__cdecl	1	int
00440da8	flsall	Global	false	__cdecl	1	int
00440e48	FUN_00440e48	Global	false	__stdcall	0	undefined
00440e74	FUN_00440e74	Global	false	__stdcall	0	undefined
00440e7d	__flushall	Global	false	__cdecl	0	int
00440f2f	___endstdio	Global	false	__stdcall	0	undefined
00440f43	__lock_file	Global	false	__cdecl	1	void
00440f72	__lock_file2	Global	false	__cdecl	2	void
00440f95	__unlock_file	Global	false	__cdecl	1	void
00440fc4	__unlock_file2	Global	false	__cdecl	2	void
00440fe7	__stbuf	Global	false	__cdecl	1	int
0044106f	__ftbuf	Global	false	__cdecl	2	void
00441099	write_char	Global	false	__cdecl	0	undefined
004410cc	write_multi_char	Global	false	__cdecl	2	undefined
004410f0	write_string	Global	false	__cdecl	1	undefined
00441127	FUN_00441127	Global	false	__cdecl	3	int
004418bc	__openfile	Global	false	__cdecl	4	FILE *
00441a24	FUN_00441a24	Global	false	__stdcall	0	int *
00441a2d	FUN_00441a2d	Global	false	__stdcall	0	ulong *
00441a36	__dosmaperr	Global	false	__cdecl	1	void
00441aa9	__getstream	Global	false	__cdecl	0	FILE *
00441bc2	FUN_00441bc2	Global	false	__stdcall	0	undefined
00441bd0	__aulldiv	Global	false	__stdcall	4	undefined8
00441c38	__mtinitlocks	Global	false	__cdecl	0	int
00441c81	__mtdeletelocks	Global	false	__cdecl	0	void
00441cd6	FUN_00441cd6	Global	false	__cdecl	1	undefined
00441ceb	FUN_00441ceb	Global	false	__cdecl	1	undefined4
00441d6a	__lock	Global	false	__cdecl	1	void
00441d9b	__callnewh	Global	false	__cdecl	1	int
00441db6	___heap_select	Global	false	__stdcall	0	undefined4
00441dd0	__heap_init	Global	false	__cdecl	0	int
00441e21	___sbh_heap_init	Global	false	__cdecl	1	undefined4
00441e69	___sbh_find_block	Global	false	__cdecl	1	uint
00441e94	___sbh_free_block	Global	false	__cdecl	2	undefined
004421ac	___sbh_alloc_new_region	Global	false	__stdcall	0	undefined4 *
00442263	___sbh_alloc_new_group	Global	false	__cdecl	1	int
00442369	___sbh_resize_block	Global	false	__cdecl	3	undefined4
00442648	___sbh_alloc_block	Global	false	__cdecl	1	int *
00442950	___ascii_strnicmp	Global	false	__cdecl	3	int
004429b1	FUN_004429b1	Global	false	__cdecl	1	undefined
00442a7b	FUN_00442a7b	Global	false	__stdcall	0	int
00442b3d	___updatetlocinfo	Global	false	__cdecl	0	pthreadlocinfo
00442b6f	FUN_00442b6f	Global	false	__stdcall	0	undefined
00442b78	FUN_00442b78	Global	false	__stdcall	0	undefined
00442b96	__initptd	Global	false	__cdecl	2	void
00442ba9	__getptd	Global	false	__cdecl	0	_ptiddata
00442c1a	FUN_00442c1a	Global	false	__cdecl	1	undefined
00442d70	FUN_00442d70	Global	false	__stdcall	0	undefined
00442d7c	FUN_00442d7c	Global	false	__stdcall	0	undefined
00442d85	FUN_00442d85	Global	false	__stdcall	0	undefined4
00442df4	___crtExitProcess	Global	false	__cdecl	1	void
00442e24	FUN_00442e24	Global	false	__stdcall	0	undefined
00442e2d	FUN_00442e2d	Global	false	__stdcall	0	undefined
00442e36	FUN_00442e36	Global	false	__stdcall	0	int
00442e9b	FUN_00442e9b	Global	false	__cdecl	3	undefined
00442f6e	FUN_00442f6e	Global	false	__cdecl	1	undefined
00442f7f	__exit	Global	false	__cdecl	1	void
00442f90	FUN_00442f90	Global	false	__stdcall	0	undefined
00442fae	__XcptFilter	Global	false	__cdecl	2	int
00443112	__flsbuf	Global	false	__cdecl	2	int
0044322b	FUN_0044322b	Global	false	__cdecl	1	undefined
004432cc	__fassign	Global	false	__cdecl	3	void
0044330a	__shift	Global	false	__stdcall	0	undefined
00443327	__cftoe2	Global	false	__cdecl	3	undefined
004433d5	FUN_004433d5	Global	false	__cdecl	4	int
00443449	FUN_00443449	Global	false	__cdecl	3	undefined1 *
004434e5	FUN_004434e5	Global	false	__cdecl	3	undefined1 *
0044354d	FUN_0044354d	Global	false	__cdecl	4	undefined
004435ed	__cfltcvt	Global	false	__cdecl	6	errno_t
0044363e	FUN_0044363e	Global	false	__stdcall	0	undefined
00443650	__ms_p5_test_fdiv	Global	false	__stdcall	0	undefined4
00443690	__ms_p5_mp_test_fdiv	Global	false	__stdcall	0	undefined
004436b9	TypeMatch	Global	false	__cdecl	3	int
00443726	___FrameUnwindToState	Global	false	__cdecl	4	undefined
004437d9	FUN_004437d9	Global	false	__stdcall	0	undefined
004437f4	___DestructExceptionObject	Global	false	__cdecl	1	undefined
00443839	FUN_00443839	Global	false	__fastcall	1	int
00443856	FUN_00443856	Global	false	__thiscall	7	undefined4
00443999	FUN_00443999	Global	false	__stdcall	0	undefined
004439fd	BuildCatchObject	Global	false	__cdecl	4	void
00443b79	CatchIt	Global	false	__cdecl	11	void
00443be0	FUN_00443be0	Global	false	__cdecl	8	undefined
00443ca0	FUN_00443ca0	Global	false	__cdecl	8	undefined
00443e82	___InternalCxxFrameHandler	Global	false	__cdecl	8	undefined4
00443f24	terminate	Global	false	__cdecl	0	void
00443f59	_inconsistency	Global	false	__cdecl	0	void
00443f90	__CallSettingFrame@12	Global	false	__stdcall	3	undefined
00443fdc	FUN_00443fdc	Global	false	__thiscall	4	uint
00444094	__msize	Global	false	__cdecl	1	size_t
00444101	FUN_00444101	Global	false	__stdcall	0	undefined
0044410a	FUN_0044410a	Global	false	__cdecl	3	int
004442af	__write	Global	false	__cdecl	3	int
00444336	FUN_00444336	Global	false	__stdcall	0	undefined
00444360	___ascii_stricmp	Global	false	__cdecl	2	int
004443ae	__filbuf	Global	false	__cdecl	1	int
0044448f	FUN_0044448f	Global	false	__cdecl	3	int
0044465e	__read	Global	false	__cdecl	3	int
004446e5	FUN_004446e5	Global	false	__stdcall	0	undefined
00444709	FUN_00444709	Global	false	__stdcall	0	undefined
0044497a	cvtdate	Global	false	__cdecl	9	int
00444b32	FUN_00444b32	Global	false	__stdcall	0	bool
00444cbd	FUN_00444cbd	Global	false	__stdcall	0	undefined
00444ceb	FUN_00444ceb	Global	false	__stdcall	0	bool
00444d0b	_gmtime	Global	false	__cdecl	1	tm *
00444e12	__fseeki64_lk	Global	false	__cdecl	4	undefined4
00444ea5	__fseeki64	Global	false	__cdecl	3	int
00444ee7	FUN_00444ee7	Global	false	__stdcall	0	undefined
00444ef1	__ftelli64_lk	Global	false	__cdecl	1	ulonglong
00445086	__ftelli64	Global	false	__cdecl	1	longlong
004450c3	FUN_004450c3	Global	false	__stdcall	0	undefined
004450cd	__lseek_lk	Global	false	__cdecl	3	DWORD
00445141	__lseek	Global	false	__cdecl	3	long
004451c8	FUN_004451c8	Global	false	__stdcall	0	undefined
004451ec	FUN_004451ec	Global	false	__stdcall	0	undefined4
004453ea	___crtLCMapStringA	Global	false	__cdecl	9	int
004457a6	FUN_004457a6	Global	false	__cdecl	1	undefined
0044591d	__FF_MSGBANNER	Global	false	__cdecl	0	void
00445956	FUN_00445956	Global	false	__stdcall	0	byte *
004459bf	__setenvp	Global	false	__cdecl	0	int
00445a86	FUN_00445a86	Global	false	__thiscall	3	undefined
00445bf2	FUN_00445bf2	Global	false	__fastcall	1	undefined4
00445c94	___crtGetEnvironmentStringsA	Global	false	__cdecl	0	LPVOID
00445db6	FUN_00445db6	Global	false	__stdcall	0	undefined
00445e3e	___crtMessageBoxA	Global	false	__cdecl	3	int
00445ffd	FUN_00445ffd	Global	false	__stdcall	1	undefined
00446018	__set_osfhnd	Global	false	__cdecl	2	int
00446094	__free_osfhnd	Global	false	__cdecl	1	int
00446113	__get_osfhandle	Global	false	__cdecl	1	intptr_t
00446154	FUN_00446154	Global	false	__cdecl	1	undefined4
004461c7	__unlock_fhandle	Global	false	__cdecl	1	void
004461e9	FUN_004461e9	Global	false	__stdcall	0	uint
00446336	__commit	Global	false	__cdecl	1	int
004463d6	FUN_004463d6	Global	false	__stdcall	0	undefined
004463f2	__fcloseall	Global	false	__cdecl	0	int
00446484	FUN_00446484	Global	false	__stdcall	0	undefined
0044648d	__isatty	Global	false	__cdecl	1	int
004464b7	___wctomb_mt	Global	false	__cdecl	3	int
00446517	_wctomb	Global	false	__cdecl	2	int
00446540	__aulldvrm	Global	false	__stdcall	4	undefined8
004465d5	FUN_004465d5	Global	false	__thiscall	6	uint
004468bc	__sopen	Global	false	__cdecl	3	int
00446901	FUN_00446901	Global	false	__stdcall	0	undefined
00446911	___crtInitCritSecNoSpinCount@8	Global	false	__stdcall	1	undefined4
00446921	___crtInitCritSecAndSpinCount	Global	false	__cdecl	2	undefined
004469b0	_memmove	Global	false	__cdecl	3	void *
00446ced	___free_lc_time	Global	false	__cdecl	1	undefined
00446e7d	___free_lconv_num	Global	false	__cdecl	1	undefined
00446edc	___free_lconv_mon	Global	false	__cdecl	1	undefined
00446fc0	_strcspn	Global	false	__cdecl	2	size_t
004470c8	___crtGetStringTypeA	Global	false	__cdecl	7	BOOL
00447290	_strpbrk	Global	false	__cdecl	2	char *
004472d0	FUN_004472d0	Global	false	__stdcall	0	undefined4
004472ff	setSBCS	Global	false	__cdecl	0	undefined
00447328	FUN_00447328	Global	false	__stdcall	0	undefined
004474ba	___updatetmbcinfo	Global	false	__cdecl	0	pthreadmbcinfo
00447520	FUN_00447520	Global	false	__stdcall	0	undefined
00447529	FUN_00447529	Global	false	__cdecl	1	undefined4
004476bf	__setmbcp	Global	false	__cdecl	1	int
00447806	FUN_00447806	Global	false	__stdcall	0	undefined
0044780f	___initmbctable	Global	false	__stdcall	0	undefined4
0044782d	__getbuf	Global	false	__cdecl	1	void
00447871	__ZeroTail	Global	false	__cdecl	2	undefined4
004478a3	__IncMan	Global	false	__cdecl	2	undefined
004478f0	__RoundMan	Global	false	__cdecl	2	undefined4
00447962	__CopyMan	Global	false	__cdecl	2	undefined
0044797d	__IsZeroMan	Global	false	__cdecl	1	undefined4
00447996	__ShrMan	Global	false	__cdecl	2	undefined
00447a11	__ld12cvt	Global	false	__cdecl	3	undefined4
00447b69	FID_conflict:__ld12tod	Global	false	__cdecl	2	INTRNCVT_STATUS
00447b7f	FID_conflict:__ld12tod	Global	false	__cdecl	2	INTRNCVT_STATUS
00447b95	FUN_00447b95	Global	false	__cdecl	2	undefined
00447bd8	FUN_00447bd8	Global	false	__cdecl	2	undefined
00447c1b	FUN_00447c1b	Global	false	__cdecl	3	undefined
00447c92	___dtold	Global	false	__cdecl	2	undefined
00447d4c	FUN_00447d4c	Global	false	__cdecl	4	int *
00447dbe	FUN_00447dbe	Global	false	__stdcall	0	undefined
00447dc7	__abstract_cw	Global	false	__stdcall	0	uint
00447e59	__hw_cw	Global	false	__stdcall	0	uint
00447ee7	__control87	Global	false	__cdecl	2	uint
00447f19	__controlfp	Global	false	__cdecl	2	uint
00447f2f	FUN_00447f2f	Global	false	__stdcall	1	int
00447f88	FUN_00447f88	Global	false	__stdcall	0	undefined
00447f95	FID_conflict:_ValidateRead	Global	false	__cdecl	2	bool
00447fb1	FID_conflict:_ValidateRead	Global	false	__cdecl	2	bool
00447fcd	_ValidateExecute	Global	false	__cdecl	1	int
00447fe5	_abort	Global	false	__cdecl	0	void
00447ffd	__lseeki64_lk	Global	false	__cdecl	4	undefined8
00448080	__lseeki64	Global	false	__cdecl	3	longlong
00448118	FUN_00448118	Global	false	__stdcall	0	undefined
0044813e	FID_conflict:__getenv_lk	Global	false	__cdecl	1	char *
004481bf	FUN_004481bf	Global	false	__cdecl	1	long
00448208	FUN_00448208	Global	false	__cdecl	6	LPSTR
004483d7	FUN_004483d7	Global	false	__stdcall	0	BOOL
004484a8	FUN_004484a8	Global	false	__cdecl	3	undefined4
004484d9	FUN_004484d9	Global	false	__cdecl	1	undefined
004484ea	FUN_004484ea	Global	false	__cdecl	2	int
00448625	___addl	Global	false	__cdecl	3	undefined4
00448646	___add_12	Global	false	__cdecl	2	undefined
004486a4	___shl_12	Global	false	__cdecl	1	undefined
004486d2	___shr_12	Global	false	__cdecl	1	undefined
004486ff	FUN_004486ff	Global	false	__cdecl	3	undefined
004487e3	FUN_004487e3	Global	false	__cdecl	7	undefined4
00448c1d	FUN_00448c1d	Global	false	__cdecl	6	undefined4
00448eb1	siglookup	Global	false	__cdecl	0	undefined
00448edf	_raise	Global	false	__cdecl	1	int
0044901a	FUN_0044901a	Global	false	__fastcall	1	undefined
00449058	__mbsnbicoll	Global	false	__cdecl	3	int
004490a6	FUN_004490a6	Global	false	__stdcall	0	undefined4
00449111	FUN_00449111	Global	false	__cdecl	2	int
00449173	FUN_00449173	Global	false	__cdecl	2	undefined
004493ab	FUN_004493ab	Global	false	__cdecl	3	undefined
00449437	_strncnt	Global	false	__cdecl	2	size_t
00449453	FUN_00449453	Global	false	__cdecl	7	int
004497dd	findenv	Global	false	__cdecl	1	int
0044982a	copy_environ	Global	false	__cdecl	0	undefined4 *
0044988b	FUN_0044988b	Global	false	__cdecl	2	undefined4
00449a40	__strdup	Global	false	__cdecl	1	char *
00449a6b	__mbschr	Global	false	__cdecl	2	uchar *
00449af0	RtlUnwind	KERNEL32.DLL	true	__stdcall	4	void
00449af6	Unwind@00449af6	Global	false	__stdcall	0	undefined
00449b0a	Unwind@00449b0a	Global	false	__stdcall	0	undefined
00449b17	Unwind@00449b17	Global	false	__stdcall	0	undefined
00449b2e	Unwind@00449b2e	Global	false	__stdcall	0	undefined
00449b3c	Unwind@00449b3c	Global	false	__stdcall	0	undefined
00449b54	Unwind@00449b54	Global	false	__stdcall	0	undefined
00449b62	Unwind@00449b62	Global	false	__stdcall	0	undefined
00449b70	Unwind@00449b70	Global	false	__stdcall	0	undefined
00449b7a	Unwind@00449b7a	Global	false	__stdcall	0	undefined
00449b8e	Unwind@00449b8e	Global	false	__stdcall	0	undefined
00449b9c	Unwind@00449b9c	Global	false	__stdcall	0	undefined
00449bb4	Unwind@00449bb4	Global	false	__stdcall	0	undefined
00449bcb	Unwind@00449bcb	Global	false	__stdcall	0	undefined
00449be0	Unwind@00449be0	Global	false	__stdcall	0	undefined
00449bf4	Unwind@00449bf4	Global	false	__stdcall	0	undefined
00449bfe	Unwind@00449bfe	Global	false	__stdcall	0	undefined
00449c08	Unwind@00449c08	Global	false	__stdcall	0	undefined
00449c12	Unwind@00449c12	Global	false	__stdcall	0	undefined
00449c26	Unwind@00449c26	Global	false	__stdcall	0	undefined
00449c3a	Unwind@00449c3a	Global	false	__stdcall	0	undefined
00449c4e	Unwind@00449c4e	Global	false	__stdcall	0	undefined
00449c58	Unwind@00449c58	Global	false	__stdcall	0	undefined
00449c6c	Unwind@00449c6c	Global	false	__stdcall	0	undefined
00449c80	Unwind@00449c80	Global	false	__stdcall	0	undefined
00449c94	Unwind@00449c94	Global	false	__stdcall	0	undefined
00449cb7	FUN_00449cb7	Global	false	__stdcall	0	undefined
00449cd1	FUN_00449cd1	Global	false	__stdcall	0	undefined
00449ceb	FUN_00449ceb	Global	false	__stdcall	0	undefined
00449d05	FUN_00449d05	Global	false	__stdcall	0	undefined
00449d1f	FUN_00449d1f	Global	false	__stdcall	0	undefined
00449d39	FUN_00449d39	Global	false	__stdcall	0	undefined
00449d53	FUN_00449d53	Global	false	__stdcall	0	undefined
00449d6d	FUN_00449d6d	Global	false	__stdcall	0	undefined
00449d87	FUN_00449d87	Global	false	__stdcall	0	undefined
00449d96	FUN_00449d96	Global	false	__stdcall	0	undefined
00449da5	FUN_00449da5	Global	false	__stdcall	0	undefined
00449db4	FUN_00449db4	Global	false	__stdcall	0	undefined
00449dc3	FUN_00449dc3	Global	false	__stdcall	0	undefined
00449dd2	FUN_00449dd2	Global	false	__stdcall	0	undefined
00449de1	FUN_00449de1	Global	false	__stdcall	0	undefined
00449df0	FUN_00449df0	Global	false	__stdcall	0	undefined
